date,regime,strategy_return,strategy_turnover,strategy_cost,strategy_return_net,equal_weight_return,equal_weight_turnover,equal_weight_cost,equal_weight_return_net,training_observations,switch_score_buffer,selected_assets
2008-05-31,improving_growth_easing_inflation,-0.030121682313962235,0.5,0.00025,-0.030371682313962235,-0.030121682313962235,0.5,0.00025,-0.030371682313962235,0,0.1,"DBC,EEM,EFA,GLD,IEF,IWM,QQQ,SHY,SPY,TLT,UUP,VNQ"
2008-06-30,weakening_growth_easing_inflation,-0.0097562264273812,0.0,0.0,-0.0097562264273812,-0.0097562264273812,0.0,0.0,-0.0097562264273812,0,0.1,"DBC,EEM,EFA,GLD,IEF,IWM,QQQ,SHY,SPY,TLT,UUP,VNQ"
2008-07-31,weakening_growth_rising_inflation,-0.006117995930392788,0.0,0.0,-0.006117995930392788,-0.006117995930392788,0.0,0.0,-0.006117995930392788,0,0.1,"DBC,EEM,EFA,GLD,IEF,IWM,QQQ,SHY,SPY,TLT,UUP,VNQ"
2008-08-31,weakening_growth_rising_inflation,-0.0507677795531676,0.0,0.0,-0.0507677795531676,-0.0507677795531676,0.0,0.0,-0.0507677795531676,1,0.1,"DBC,EEM,EFA,GLD,IEF,IWM,QQQ,SHY,SPY,TLT,UUP,VNQ"
2008-09-30,weakening_growth_rising_inflation,-0.13791396255846872,0.0,0.0,-0.13791396255846872,-0.13791396255846872,0.0,0.0,-0.13791396255846872,2,0.1,"DBC,EEM,EFA,GLD,IEF,IWM,QQQ,SHY,SPY,TLT,UUP,VNQ"
2008-10-31,weakening_growth_rising_inflation,-0.03799556228196263,0.0,0.0,-0.03799556228196263,-0.03799556228196263,0.0,0.0,-0.03799556228196263,3,0.1,"DBC,EEM,EFA,GLD,IEF,IWM,QQQ,SHY,SPY,TLT,UUP,VNQ"
2008-11-30,weakening_growth_easing_inflation,0.051197357864354566,0.0,0.0,0.051197357864354566,0.051197357864354566,0.0,0.0,0.051197357864354566,1,0.1,"DBC,EEM,EFA,GLD,IEF,IWM,QQQ,SHY,SPY,TLT,UUP,VNQ"
2008-12-31,weakening_growth_easing_inflation,-0.059924869967522706,0.0,0.0,-0.059924869967522706,-0.059924869967522706,0.0,0.0,-0.059924869967522706,2,0.1,"DBC,EEM,EFA,GLD,IEF,IWM,QQQ,SHY,SPY,TLT,UUP,VNQ"
2009-01-31,weakening_growth_easing_inflation,-0.05810731989147925,0.0,0.0,-0.05810731989147925,-0.05810731989147925,0.0,0.0,-0.05810731989147925,3,0.1,"DBC,EEM,EFA,GLD,IEF,IWM,QQQ,SHY,SPY,TLT,UUP,VNQ"
2009-02-28,weakening_growth_easing_inflation,0.05175769841346007,0.0,0.0,0.05175769841346007,0.05175769841346007,0.0,0.0,0.05175769841346007,4,0.1,"DBC,EEM,EFA,GLD,IEF,IWM,QQQ,SHY,SPY,TLT,UUP,VNQ"
2009-03-31,weakening_growth_easing_inflation,0.06806331087081927,0.0,0.0,0.06806331087081927,0.06806331087081927,0.0,0.0,0.06806331087081927,5,0.1,"DBC,EEM,EFA,GLD,IEF,IWM,QQQ,SHY,SPY,TLT,UUP,VNQ"
2009-04-30,weakening_growth_easing_inflation,0.04885977515319176,0.0,0.0,0.04885977515319176,0.04885977515319176,0.0,0.0,0.04885977515319176,6,0.1,"DBC,EEM,EFA,GLD,IEF,IWM,QQQ,SHY,SPY,TLT,UUP,VNQ"
2009-05-31,weakening_growth_easing_inflation,-0.007648542448251241,0.0,0.0,-0.007648542448251241,-0.007648542448251241,0.0,0.0,-0.007648542448251241,7,0.1,"DBC,EEM,EFA,GLD,IEF,IWM,QQQ,SHY,SPY,TLT,UUP,VNQ"
2009-06-30,improving_growth_easing_inflation,0.050187334803375394,0.0,0.0,0.050187334803375394,0.050187334803375394,0.0,0.0,0.050187334803375394,1,0.1,"DBC,EEM,EFA,GLD,IEF,IWM,QQQ,SHY,SPY,TLT,UUP,VNQ"
2009-07-31,improving_growth_easing_inflation,0.020644388856450147,0.0,0.0,0.020644388856450147,0.020644388856450147,0.0,0.0,0.020644388856450147,2,0.1,"DBC,EEM,EFA,GLD,IEF,IWM,QQQ,SHY,SPY,TLT,UUP,VNQ"
2009-08-31,improving_growth_easing_inflation,0.03562336614698217,0.0,0.0,0.03562336614698217,0.03562336614698217,0.0,0.0,0.03562336614698217,3,0.1,"DBC,EEM,EFA,GLD,IEF,IWM,QQQ,SHY,SPY,TLT,UUP,VNQ"
2009-09-30,improving_growth_easing_inflation,-0.011876555385725202,0.0,0.0,-0.011876555385725202,-0.011876555385725202,0.0,0.0,-0.011876555385725202,4,0.1,"DBC,EEM,EFA,GLD,IEF,IWM,QQQ,SHY,SPY,TLT,UUP,VNQ"
2009-10-31,improving_growth_easing_inflation,0.04398802771178976,0.0,0.0,0.04398802771178976,0.04398802771178976,0.0,0.0,0.04398802771178976,5,0.1,"DBC,EEM,EFA,GLD,IEF,IWM,QQQ,SHY,SPY,TLT,UUP,VNQ"
2009-11-30,improving_growth_rising_inflation,0.009633225644458315,0.0,0.0,0.009633225644458315,0.009633225644458315,0.0,0.0,0.009633225644458315,0,0.1,"DBC,EEM,EFA,GLD,IEF,IWM,QQQ,SHY,SPY,TLT,UUP,VNQ"
2009-12-31,improving_growth_rising_inflation,-0.028180705122040316,0.0,0.0,-0.028180705122040316,-0.028180705122040316,0.0,0.0,-0.028180705122040316,1,0.1,"DBC,EEM,EFA,GLD,IEF,IWM,QQQ,SHY,SPY,TLT,UUP,VNQ"
2010-01-31,improving_growth_rising_inflation,0.02350191838013654,0.0,0.0,0.02350191838013654,0.02350191838013654,0.0,0.0,0.02350191838013654,2,0.1,"DBC,EEM,EFA,GLD,IEF,IWM,QQQ,SHY,SPY,TLT,UUP,VNQ"
2010-02-28,improving_growth_rising_inflation,0.03591838022732076,0.0,0.0,0.03591838022732076,0.03591838022732076,0.0,0.0,0.03591838022732076,3,0.1,"DBC,EEM,EFA,GLD,IEF,IWM,QQQ,SHY,SPY,TLT,UUP,VNQ"
2010-03-31,improving_growth_rising_inflation,0.02449117232475967,0.0,0.0,0.02449117232475967,0.02449117232475967,0.0,0.0,0.02449117232475967,4,0.1,"DBC,EEM,EFA,GLD,IEF,IWM,QQQ,SHY,SPY,TLT,UUP,VNQ"
2010-04-30,improving_growth_easing_inflation,-0.03469790792365895,0.0,0.0,-0.03469790792365895,-0.03469790792365895,0.0,0.0,-0.03469790792365895,6,0.1,"DBC,EEM,EFA,GLD,IEF,IWM,QQQ,SHY,SPY,TLT,UUP,VNQ"
2010-05-31,improving_growth_easing_inflation,-0.01568869057166839,0.0,0.0,-0.01568869057166839,-0.01568869057166839,0.0,0.0,-0.01568869057166839,7,0.1,"DBC,EEM,EFA,GLD,IEF,IWM,QQQ,SHY,SPY,TLT,UUP,VNQ"
2010-06-30,improving_growth_easing_inflation,0.040731513563795674,0.0,0.0,0.040731513563795674,0.040731513563795674,0.0,0.0,0.040731513563795674,8,0.1,"DBC,EEM,EFA,GLD,IEF,IWM,QQQ,SHY,SPY,TLT,UUP,VNQ"
2010-07-31,improving_growth_easing_inflation,-0.0075843142846694364,0.0,0.0,-0.0075843142846694364,-0.0075843142846694364,0.0,0.0,-0.0075843142846694364,9,0.1,"DBC,EEM,EFA,GLD,IEF,IWM,QQQ,SHY,SPY,TLT,UUP,VNQ"
2010-08-31,improving_growth_easing_inflation,0.055367867389502404,0.0,0.0,0.055367867389502404,0.055367867389502404,0.0,0.0,0.055367867389502404,10,0.1,"DBC,EEM,EFA,GLD,IEF,IWM,QQQ,SHY,SPY,TLT,UUP,VNQ"
2010-09-30,improving_growth_easing_inflation,0.023062785552208497,0.0,0.0,0.023062785552208497,0.023062785552208497,0.0,0.0,0.023062785552208497,11,0.1,"DBC,EEM,EFA,GLD,IEF,IWM,QQQ,SHY,SPY,TLT,UUP,VNQ"
2010-10-31,improving_growth_easing_inflation,-0.001945491874891171,0.0,0.0,-0.001945491874891171,-0.001945491874891171,0.0,0.0,-0.001945491874891171,12,0.1,"DBC,EEM,EFA,GLD,IEF,IWM,QQQ,SHY,SPY,TLT,UUP,VNQ"
2010-11-30,improving_growth_easing_inflation,0.034404910845427586,0.0,0.0,0.034404910845427586,0.034404910845427586,0.0,0.0,0.034404910845427586,13,0.1,"DBC,EEM,EFA,GLD,IEF,IWM,QQQ,SHY,SPY,TLT,UUP,VNQ"
2010-12-31,improving_growth_easing_inflation,-0.0008692015259494828,0.0,0.0,-0.0008692015259494828,-0.0008692015259494828,0.0,0.0,-0.0008692015259494828,14,0.1,"DBC,EEM,EFA,GLD,IEF,IWM,QQQ,SHY,SPY,TLT,UUP,VNQ"
2011-01-31,improving_growth_rising_inflation,0.025558486186258438,0.0,0.0,0.025558486186258438,0.025558486186258438,0.0,0.0,0.025558486186258438,5,0.1,"DBC,EEM,EFA,GLD,IEF,IWM,QQQ,SHY,SPY,TLT,UUP,VNQ"
2011-02-28,improving_growth_rising_inflation,0.005850210120862628,0.0,0.0,0.005850210120862628,0.005850210120862628,0.0,0.0,0.005850210120862628,6,0.1,"DBC,EEM,EFA,GLD,IEF,IWM,QQQ,SHY,SPY,TLT,UUP,VNQ"
2011-03-31,improving_growth_rising_inflation,0.030726687648097183,0.0,0.0,0.030726687648097183,0.030726687648097183,0.0,0.0,0.030726687648097183,7,0.1,"DBC,EEM,EFA,GLD,IEF,IWM,QQQ,SHY,SPY,TLT,UUP,VNQ"
2011-04-30,improving_growth_rising_inflation,-0.005596499552028659,0.0,0.0,-0.005596499552028659,-0.005596499552028659,0.0,0.0,-0.005596499552028659,8,0.1,"DBC,EEM,EFA,GLD,IEF,IWM,QQQ,SHY,SPY,TLT,UUP,VNQ"
2011-05-31,improving_growth_rising_inflation,-0.01804510263129183,0.0,0.0,-0.01804510263129183,-0.01804510263129183,0.0,0.0,-0.01804510263129183,9,0.1,"DBC,EEM,EFA,GLD,IEF,IWM,QQQ,SHY,SPY,TLT,UUP,VNQ"
2011-06-30,improving_growth_rising_inflation,0.011971761923668738,0.0,0.0,0.011971761923668738,0.011971761923668738,0.0,0.0,0.011971761923668738,10,0.1,"DBC,EEM,EFA,GLD,IEF,IWM,QQQ,SHY,SPY,TLT,UUP,VNQ"
2011-07-31,improving_growth_rising_inflation,-0.013628861274812727,0.0,0.0,-0.013628861274812727,-0.013628861274812727,0.0,0.0,-0.013628861274812727,11,0.1,"DBC,EEM,EFA,GLD,IEF,IWM,QQQ,SHY,SPY,TLT,UUP,VNQ"
2011-08-31,improving_growth_rising_inflation,-0.0554881651250034,0.0,0.0,-0.0554881651250034,-0.0554881651250034,0.0,0.0,-0.0554881651250034,12,0.1,"DBC,EEM,EFA,GLD,IEF,IWM,QQQ,SHY,SPY,TLT,UUP,VNQ"
2011-09-30,improving_growth_rising_inflation,0.06810652716565457,0.0,0.0,0.06810652716565457,0.06810652716565457,0.0,0.0,0.06810652716565457,13,0.1,"DBC,EEM,EFA,GLD,IEF,IWM,QQQ,SHY,SPY,TLT,UUP,VNQ"
2011-10-31,improving_growth_rising_inflation,-0.004291891691160019,0.0,0.0,-0.004291891691160019,-0.004291891691160019,0.0,0.0,-0.004291891691160019,14,0.1,"DBC,EEM,EFA,GLD,IEF,IWM,QQQ,SHY,SPY,TLT,UUP,VNQ"
2011-11-30,improving_growth_easing_inflation,-0.005714429125879216,0.0,0.0,-0.005714429125879216,-0.005714429125879216,0.0,0.0,-0.005714429125879216,15,0.1,"DBC,EEM,EFA,GLD,IEF,IWM,QQQ,SHY,SPY,TLT,UUP,VNQ"
2011-12-31,improving_growth_easing_inflation,0.04748565367145671,0.0,0.0,0.04748565367145671,0.04748565367145671,0.0,0.0,0.04748565367145671,16,0.1,"DBC,EEM,EFA,GLD,IEF,IWM,QQQ,SHY,SPY,TLT,UUP,VNQ"
2012-01-31,improving_growth_easing_inflation,0.016751617015533057,0.0,0.0,0.016751617015533057,0.016751617015533057,0.0,0.0,0.016751617015533057,17,0.1,"DBC,EEM,EFA,GLD,IEF,IWM,QQQ,SHY,SPY,TLT,UUP,VNQ"
2012-02-29,improving_growth_easing_inflation,0.003363150635684375,0.0,0.0,0.003363150635684375,0.003363150635684375,0.0,0.0,0.003363150635684375,18,0.1,"DBC,EEM,EFA,GLD,IEF,IWM,QQQ,SHY,SPY,TLT,UUP,VNQ"
2012-03-31,improving_growth_easing_inflation,0.0010117243417675688,0.0,0.0,0.0010117243417675688,0.0010117243417675688,0.0,0.0,0.0010117243417675688,19,0.1,"DBC,EEM,EFA,GLD,IEF,IWM,QQQ,SHY,SPY,TLT,UUP,VNQ"
2012-04-30,improving_growth_easing_inflation,-0.03842897804270666,0.0,0.0,-0.03842897804270666,-0.03842897804270666,0.0,0.0,-0.03842897804270666,20,0.1,"DBC,EEM,EFA,GLD,IEF,IWM,QQQ,SHY,SPY,TLT,UUP,VNQ"
2012-05-31,improving_growth_easing_inflation,0.025209375559222293,0.0,0.0,0.025209375559222293,0.025209375559222293,0.0,0.0,0.025209375559222293,21,0.1,"DBC,EEM,EFA,GLD,IEF,IWM,QQQ,SHY,SPY,TLT,UUP,VNQ"
2012-06-30,improving_growth_easing_inflation,0.01323846600936367,0.0,0.0,0.01323846600936367,0.01323846600936367,0.0,0.0,0.01323846600936367,22,0.1,"DBC,EEM,EFA,GLD,IEF,IWM,QQQ,SHY,SPY,TLT,UUP,VNQ"
2012-07-31,improving_growth_easing_inflation,0.018480321502658336,0.0,0.0,0.018480321502658336,0.018480321502658336,0.0,0.0,0.018480321502658336,23,0.1,"DBC,EEM,EFA,GLD,IEF,IWM,QQQ,SHY,SPY,TLT,UUP,VNQ"
2012-08-31,improving_growth_easing_inflation,-0.007316208905440231,0.7499999999999999,0.00037499999999999995,-0.007691208905440231,0.010394488935801416,0.0,0.0,0.010394488935801416,24,0.1,"SHY,IEF,VNQ"
2012-09-30,improving_growth_easing_inflation,-0.004575970998274411,0.0,0.0,-0.004575970998274411,-0.014543398220277243,0.0,0.0,-0.014543398220277243,25,0.1,"SHY,IEF,VNQ"
2012-10-31,improving_growth_rising_inflation,0.00246253639386355,0.0,0.0,0.00246253639386355,0.00857418055892617,0.0,0.0,0.00857418055892617,15,0.1,"IEF,SHY,VNQ"
2012-11-30,improving_growth_rising_inflation,0.009357430359677732,0.0,0.0,0.009357430359677732,0.00956829726633168,0.0,0.0,0.00956829726633168,16,0.1,"IEF,SHY,VNQ"
2012-12-31,improving_growth_rising_inflation,0.008191356117279058,0.0,0.0,0.008191356117279058,0.01486894522607149,0.0,0.0,0.01486894522607149,17,0.1,"IEF,SHY,VNQ"
2013-01-31,improving_growth_easing_inflation,0.008029504001806501,0.0,0.0,0.008029504001806501,-0.0030210093639692166,0.0,0.0,-0.0030210093639692166,26,0.1,"SHY,IEF,VNQ"
2013-02-28,improving_growth_easing_inflation,0.010640587635689942,0.0,0.0,0.010640587635689942,0.014316825677016677,0.0,0.0,0.014316825677016677,27,0.1,"SHY,IEF,VNQ"
2013-03-31,improving_growth_rising_inflation,0.027761838200615282,0.0,0.0,0.027761838200615282,0.008513906539547755,0.0,0.0,0.008513906539547755,18,0.1,"IEF,SHY,VNQ"
2013-04-30,improving_growth_easing_inflation,-0.03072138388156953,0.0,0.0,-0.03072138388156953,-0.016555432975013495,0.0,0.0,-0.016555432975013495,28,0.1,"SHY,IEF,VNQ"
2013-05-31,improving_growth_easing_inflation,-0.015421412474619884,0.0,0.0,-0.015421412474619884,-0.028793367650231015,0.0,0.0,-0.028793367650231015,29,0.1,"IEF,SHY,VNQ"
2013-06-30,improving_growth_easing_inflation,0.002373680950407353,0.0,0.0,0.002373680950407353,0.0270397974820566,0.0,0.0,0.0270397974820566,30,0.1,"IEF,SHY,VNQ"
2013-07-31,improving_growth_rising_inflation,-0.028332591119183143,0.0,0.0,-0.028332591119183143,-0.010349904106330807,0.0,0.0,-0.010349904106330807,19,0.1,"IEF,SHY,VNQ"
2013-08-31,improving_growth_rising_inflation,0.01850372709206797,0.0,0.0,0.01850372709206797,0.020864329821453295,0.0,0.0,0.020864329821453295,20,0.1,"IEF,SHY,VNQ"
2013-09-30,improving_growth_rising_inflation,0.017890442501150423,0.0,0.0,0.017890442501150423,0.021545020734155585,0.0,0.0,0.021545020734155585,21,0.1,"IEF,SHY,VNQ"
2013-10-31,improving_growth_easing_inflation,-0.02011238738374891,0.0,0.0,-0.02011238738374891,-0.0034149238996458255,0.0,0.0,-0.0034149238996458255,31,0.1,"IEF,SHY,VNQ"
2013-11-30,improving_growth_easing_inflation,-0.00722082985514701,0.0,0.0,-0.00722082985514701,0.0010321046743692142,0.0,0.0,0.0010321046743692142,32,0.1,"IEF,SHY,VNQ"
2013-12-31,improving_growth_easing_inflation,-0.01748225707420344,0.6666666666666666,0.0003333333333333333,-0.017815590407536774,-0.0053294881592558345,0.0,0.0,-0.0053294881592558345,33,0.1,"SHY,SPY,QQQ"
2014-01-31,improving_growth_rising_inflation,0.03247674145602164,0.0,0.0,0.03247674145602164,0.03267558975969249,0.0,0.0,0.03267558975969249,22,0.1,"QQQ,SHY,SPY"
2014-02-28,improving_growth_rising_inflation,-0.006709418059147598,0.0,0.0,-0.006709418059147598,-0.0012360898481898288,0.0,0.0,-0.0012360898481898288,23,0.1,"QQQ,SHY,SPY"
2014-03-31,improving_growth_easing_inflation,0.0016120283335540422,0.0,0.0,0.0016120283335540422,0.00507223866959928,0.0,0.0,0.00507223866959928,34,0.1,"SHY,SPY,QQQ"
2014-04-30,improving_growth_rising_inflation,0.03278163895320444,0.6666666666666666,0.0003333333333333333,0.03244830561987111,0.013245982216964535,0.0,0.0,0.013245982216964535,24,0.1,"VNQ,QQQ,TLT"
2014-05-31,improving_growth_rising_inflation,0.013355466199241734,0.0,0.0,0.013355466199241734,0.01818629481646693,0.0,0.0,0.01818629481646693,25,0.1,"QQQ,VNQ,TLT"
2014-06-30,improving_growth_rising_inflation,0.006420969820448115,0.0,0.0,0.006420969820448115,-0.010935145374119751,0.0,0.0,-0.010935145374119751,26,0.1,"QQQ,TLT,VNQ"
2014-07-31,improving_growth_rising_inflation,0.04259095854116538,0.0,0.0,0.04259095854116538,0.022627468365848197,0.0,0.0,0.022627468365848197,27,0.1,"QQQ,VNQ,TLT"
2014-08-31,improving_growth_easing_inflation,-0.029698352628417503,0.0,0.0,-0.029698352628417503,-0.032114469410629815,0.0,0.0,-0.032114469410629815,35,0.1,"QQQ,TLT,VNQ"
2014-09-30,improving_growth_easing_inflation,0.051326357832019914,0.0,0.0,0.051326357832019914,0.017774138839145498,0.0,0.0,0.017774138839145498,36,0.1,"QQQ,TLT,VNQ"
2014-10-31,improving_growth_easing_inflation,0.0317132316317977,0.0,0.0,0.0317132316317977,0.004109905111449429,0.0,0.0,0.004109905111449429,37,0.1,"QQQ,TLT,VNQ"
2014-11-30,improving_growth_easing_inflation,0.00971536838485006,0.0,0.0,0.00971536838485006,-0.007309602669988174,0.0,0.0,-0.007309602669988174,38,0.1,"QQQ,TLT,VNQ"
2014-12-31,improving_growth_easing_inflation,0.04861793521555816,0.0,0.0,0.04861793521555816,0.017542513673025985,0.0,0.0,0.017542513673025985,39,0.1,"QQQ,TLT,VNQ"
2015-01-31,improving_growth_easing_inflation,-0.008639994905186743,0.0,0.0,-0.008639994905186743,0.013130666487291776,0.0,0.0,0.013130666487291776,40,0.1,"QQQ,TLT,VNQ"
2015-02-28,improving_growth_easing_inflation,0.001550396318935424,0.0,0.0,0.001550396318935424,-0.0054870746281211035,0.0,0.0,-0.0054870746281211035,41,0.1,"QQQ,TLT,VNQ"
2015-03-31,improving_growth_easing_inflation,-0.024501047970085087,0.0,0.0,-0.024501047970085087,0.003436470785669249,0.0,0.0,0.003436470785669249,42,0.1,"QQQ,TLT,VNQ"
2015-04-30,improving_growth_easing_inflation,-0.0014211962454837197,0.0,0.0,-0.0014211962454837197,-0.0013303861353564277,0.0,0.0,-0.0013303861353564277,43,0.1,"QQQ,TLT,VNQ"
2015-05-31,improving_growth_rising_inflation,-0.0374155051026959,0.0,0.0,-0.0374155051026959,-0.01807382756080871,0.0,0.0,-0.01807382756080871,28,0.1,"QQQ,VNQ,TLT"
2015-06-30,improving_growth_rising_inflation,0.04958062380776962,0.0,0.0,0.04958062380776962,-0.0035999896514023267,0.0,0.0,-0.0035999896514023267,29,0.1,"QQQ,TLT,VNQ"
2015-07-31,improving_growth_rising_inflation,-0.04601697137830747,0.0,0.0,-0.04601697137830747,-0.03370403243813849,0.0,0.0,-0.03370403243813849,30,0.1,"QQQ,VNQ,TLT"
2015-08-31,improving_growth_rising_inflation,0.004462752453646431,0.3333333333333333,0.00016666666666666666,0.004296085786979764,-0.012857334262113558,0.0,0.0,-0.012857334262113558,31,0.1,"QQQ,TLT,IEF"
2015-09-30,improving_growth_rising_inflation,0.03441358597794419,0.0,0.0,0.03441358597794419,0.038557396197836685,0.0,0.0,0.038557396197836685,32,0.1,"TLT,IEF,QQQ"
2015-10-31,improving_growth_easing_inflation,-0.0022882037877744637,0.0,0.0,-0.0022882037877744637,-0.009442668140676801,0.0,0.0,-0.009442668140676801,44,0.1,"IEF,QQQ,TLT"
2015-11-30,improving_growth_easing_inflation,-0.007816782631562269,0.0,0.0,-0.007816782631562269,-0.01793571961647309,0.0,0.0,-0.01793571961647309,45,0.1,"IEF,QQQ,TLT"
2015-12-31,improving_growth_rising_inflation,0.006654520359960316,0.0,0.0,0.006654520359960316,-0.019171941072453326,0.0,0.0,-0.019171941072453326,33,0.1,"IEF,QQQ,TLT"
2016-01-31,improving_growth_rising_inflation,0.010021665061145359,0.0,0.0,0.010021665061145359,0.006301066345730863,0.0,0.0,0.006301066345730863,34,0.1,"IEF,QQQ,TLT"
2016-02-29,improving_growth_rising_inflation,0.02231074892111632,0.0,0.0,0.02231074892111632,0.04270481213647259,0.0,0.0,0.04270481213647259,35,0.1,"IEF,QQQ,TLT"
2016-03-31,improving_growth_rising_inflation,-0.013598085918085792,0.0,0.0,-0.013598085918085792,0.009437965060749957,0.0,0.0,0.009437965060749957,36,0.1,"IEF,QQQ,TLT"
2016-04-30,improving_growth_rising_inflation,0.016920703946240862,0.0,0.0,0.016920703946240862,0.0043273075722834176,0.0,0.0,0.0043273075722834176,37,0.1,"IEF,QQQ,TLT"
2016-05-31,improving_growth_easing_inflation,0.025812591709673274,0.0,0.0,0.025812591709673274,0.025887427786478484,0.0,0.0,0.025887427786478484,46,0.1,"IEF,QQQ,TLT"
2016-06-30,improving_growth_rising_inflation,0.03166612205254863,0.0,0.0,0.03166612205254863,0.022440645360438716,0.0,0.0,0.022440645360438716,38,0.1,"IEF,QQQ,TLT"
2016-07-31,improving_growth_rising_inflation,-0.0032492401991155804,0.0,0.0,-0.0032492401991155804,-0.0029407457598532296,0.0,0.0,-0.0029407457598532296,39,0.1,"IEF,QQQ,TLT"
2016-08-31,improving_growth_easing_inflation,0.0031413902544954464,0.0,0.0,0.0031413902544954464,0.007173326684522725,0.0,0.0,0.007173326684522725,47,0.1,"IEF,QQQ,TLT"
2016-09-30,improving_growth_easing_inflation,-0.024441549336721047,0.0,0.0,-0.024441549336721047,-0.018979723289143328,0.0,0.0,-0.018979723289143328,48,0.1,"IEF,QQQ,TLT"
2016-10-31,improving_growth_rising_inflation,-0.04001670519257091,0.0,0.0,-0.04001670519257091,-0.007517309488430121,0.0,0.0,-0.007517309488430121,40,0.1,"TLT,QQQ,IEF"
2016-11-30,improving_growth_rising_inflation,0.0018372893080268087,0.0,0.0,0.0018372893080268087,0.013193896849646575,0.0,0.0,0.013193896849646575,41,0.1,"IEF,QQQ,TLT"
2016-12-31,improving_growth_rising_inflation,0.020579075107601742,0.0,0.0,0.020579075107601742,0.01683029562847239,0.0,0.0,0.01683029562847239,42,0.1,"IEF,QQQ,TLT"
2017-01-31,improving_growth_rising_inflation,0.022277576139592727,0.0,0.0,0.022277576139592727,0.019575342688367477,0.0,0.0,0.019575342688367477,43,0.1,"IEF,QQQ,TLT"
2017-02-28,improving_growth_rising_inflation,0.004840900675774103,0.0,0.0,0.004840900675774103,0.0015629700402696742,0.0,0.0,0.0015629700402696742,44,0.1,"IEF,QQQ,TLT"
2017-03-31,improving_growth_rising_inflation,0.0180300602886451,0.0,0.0,0.0180300602886451,0.008059970715305823,0.0,0.0,0.008059970715305823,45,0.1,"IEF,QQQ,TLT"
2017-04-30,improving_growth_rising_inflation,0.0220398584051685,0.0,0.0,0.0220398584051685,0.006941781439807597,0.0,0.0,0.006941781439807597,46,0.1,"IEF,QQQ,TLT"
2017-05-31,improving_growth_easing_inflation,-0.006785327347965108,0.0,0.0,-0.006785327347965108,0.0007688812772573825,0.0,0.0,0.0007688812772573825,49,0.1,"IEF,QQQ,TLT"
2017-06-30,improving_growth_easing_inflation,0.012592531718791228,0.0,0.0,0.012592531718791228,0.016861630902962763,0.0,0.0,0.016861630902962763,50,0.1,"IEF,QQQ,TLT"
2017-07-31,improving_growth_easing_inflation,0.02313320939527852,0.0,0.0,0.02313320939527852,0.010544460312730162,0.0,0.0,0.010544460312730162,51,0.1,"IEF,QQQ,TLT"
2017-08-31,improving_growth_easing_inflation,-0.01353244121724606,0.0,0.0,-0.01353244121724606,0.004597254278816335,0.0,0.0,0.004597254278816335,52,0.1,"IEF,QQQ,TLT"
2017-09-30,improving_growth_rising_inflation,0.014596200577270475,0.0,0.0,0.014596200577270475,0.01344034828626934,0.0,0.0,0.01344034828626934,47,0.1,"IEF,QQQ,TLT"
2017-10-31,improving_growth_rising_inflation,0.00811869030166586,0.0,0.0,0.00811869030166586,0.009073786668350625,0.0,0.0,0.009073786668350625,48,0.1,"IEF,QQQ,TLT"
2017-11-30,improving_growth_rising_inflation,0.008668276857865493,0.0,0.0,0.008668276857865493,0.010566731756603859,0.0,0.0,0.010566731756603859,49,0.1,"IEF,QQQ,TLT"
2017-12-31,improving_growth_rising_inflation,0.011171144271940141,0.0,0.0,0.011171144271940141,0.019385594037211944,0.0,0.0,0.019385594037211944,50,0.1,"IEF,QQQ,TLT"
2018-01-31,improving_growth_easing_inflation,-0.017556868352300636,0.0,0.0,-0.017556868352300636,-0.02863826082682045,0.0,0.0,-0.02863826082682045,53,0.1,"IEF,QQQ,TLT"
2018-02-28,improving_growth_rising_inflation,-0.00021139847436668635,0.0,0.0,-0.00021139847436668635,0.004030162355627152,0.0,0.0,0.004030162355627152,51,0.1,"IEF,QQQ,TLT"
2018-03-31,improving_growth_rising_inflation,-0.00952947067885035,0.0,0.0,-0.00952947067885035,0.002162200831822142,0.0,0.0,0.002162200831822142,52,0.1,"IEF,QQQ,TLT"
2018-04-30,improving_growth_rising_inflation,0.028878324221321968,0.0,0.0,0.028878324221321968,0.017388130014928883,0.0,0.0,0.017388130014928883,53,0.1,"IEF,QQQ,TLT"
2018-05-31,improving_growth_rising_inflation,0.0066274024912560394,0.0,0.0,0.0066274024912560394,-0.0029464600750307994,0.0,0.0,-0.0029464600750307994,54,0.1,"IEF,QQQ,TLT"
2018-06-30,improving_growth_rising_inflation,0.0027726462957698983,0.0,0.0,0.0027726462957698983,0.007163704286565939,0.0,0.0,0.007163704286565939,55,0.1,"IEF,QQQ,TLT"
2018-07-31,improving_growth_rising_inflation,0.02702240376431157,0.0,0.0,0.02702240376431157,0.009986911254198512,0.0,0.0,0.009986911254198512,56,0.1,"IEF,QQQ,TLT"
2018-08-31,improving_growth_rising_inflation,-0.014503297475406313,0.0,0.0,-0.014503297475406313,-0.004575765451529471,0.0,0.0,-0.004575765451529471,57,0.1,"IEF,QQQ,TLT"
2018-09-30,improving_growth_easing_inflation,-0.039431229835884464,0.0,0.0,-0.039431229835884464,-0.042231335637755524,0.0,0.0,-0.042231335637755524,54,0.1,"IEF,QQQ,TLT"
2018-10-31,improving_growth_easing_inflation,0.0095079720049455,0.0,0.0,0.0095079720049455,0.006471963242656132,0.0,0.0,0.006471963242656132,55,0.1,"IEF,QQQ,TLT"
2018-11-30,improving_growth_easing_inflation,-9.960343930123794e-06,0.0,0.0,-9.960343930123794e-06,-0.03052274683901675,0.0,0.0,-0.03052274683901675,56,0.1,"IEF,QQQ,TLT"
2018-12-31,improving_growth_easing_inflation,0.029700820535675538,0.6666666666666666,0.0003333333333333333,0.029367487202342203,0.05684434025832051,0.0,0.0,0.05684434025832051,57,0.1,"SHY,IEF,SPY"
2019-01-31,weakening_growth_easing_inflation,0.012089385927874115,0.7499999999999999,0.00037499999999999995,0.011714385927874115,0.012089385927874115,0.0,0.0,0.012089385927874115,8,0.1,"DBC,EEM,EFA,GLD,IEF,IWM,QQQ,SHY,SPY,TLT,UUP,VNQ"
2019-02-28,improving_growth_easing_inflation,0.016973733991194985,0.7499999999999999,0.00037499999999999995,0.016598733991194985,0.015257244485826039,0.0,0.0,0.015257244485826039,58,0.1,"SHY,IEF,SPY"
2019-03-31,improving_growth_easing_inflation,0.012500459905372185,0.0,0.0,0.012500459905372185,0.01403796723707117,0.0,0.0,0.01403796723707117,59,0.1,"IEF,SHY,SPY"
2019-04-30,improving_growth_easing_inflation,-0.00868914317938178,0.0,0.0,-0.00868914317938178,-0.02308815934909269,0.0,0.0,-0.02308815934909269,60,0.1,"IEF,SHY,SPY"
2019-05-31,improving_growth_rising_inflation,0.028789130978899086,0.0,0.0,0.028789130978899086,0.04039524834792997,0.0,0.0,0.04039524834792997,58,0.1,"IEF,SHY,SPY"
2019-06-30,improving_growth_rising_inflation,0.0049545213032404405,0.0,0.0,0.0049545213032404405,0.0030414310149623567,0.0,0.0,0.0030414310149623567,59,0.1,"IEF,SHY,SPY"
2019-07-31,improving_growth_easing_inflation,0.010197263543942755,0.0,0.0,0.010197263543942755,0.0076026812315547745,0.0,0.0,0.0076026812315547745,61,0.1,"IEF,SHY,SPY"
2019-08-31,improving_growth_easing_inflation,0.002084766281043149,0.0,0.0,0.002084766281043149,0.00546731166195937,0.0,0.0,0.00546731166195937,62,0.1,"IEF,SHY,SPY"
2019-09-30,improving_growth_easing_inflation,0.009037890710232718,0.0,0.0,0.009037890710232718,0.016669068194084376,0.0,0.0,0.016669068194084376,63,0.1,"IEF,SHY,SPY"
2019-10-31,improving_growth_rising_inflation,0.009617977974651285,0.0,0.0,0.009617977974651285,0.0068388870911628985,0.0,0.0,0.0068388870911628985,60,0.1,"IEF,SHY,SPY"
2019-11-30,improving_growth_easing_inflation,0.007108346981540873,0.0,0.0,0.007108346981540873,0.02087210366465772,0.0,0.0,0.02087210366465772,64,0.1,"IEF,SHY,SPY"
2019-12-31,improving_growth_rising_inflation,0.013347965593010288,0.0,0.0,0.013347965593010288,0.0008252411239122455,0.0,0.0,0.0008252411239122455,61,0.1,"IEF,SHY,SPY"
2020-01-31,improving_growth_rising_inflation,-0.013593910764728302,0.0,0.0,-0.013593910764728302,-0.031050143285767114,0.0,0.0,-0.031050143285767114,62,0.1,"IEF,SHY,SPY"
2020-02-29,improving_growth_rising_inflation,-0.04465440990378393,0.6666666666666666,0.0003333333333333333,-0.04498774323711726,-0.07967247463973176,0.0,0.0,-0.07967247463973176,63,0.1,"QQQ,SPY,TLT"
2020-03-31,improving_growth_rising_inflation,0.05488446066066192,0.3333333333333333,0.00016666666666666666,0.05471779399399525,0.05785097411085862,0.0,0.0,0.05785097411085862,64,0.1,"QQQ,TLT,SHY"
2020-04-30,weakening_growth_easing_inflation,0.015868561871417202,0.0,0.0,0.015868561871417202,0.030444178955024277,0.0,0.0,0.030444178955024277,9,0.1,"QQQ,SHY,TLT"
2020-05-31,improving_growth_easing_inflation,0.022154573945472194,0.0,0.0,0.022154573945472194,0.02551471125656553,0.0,0.0,0.02551471125656553,65,0.1,"QQQ,SHY,TLT"
2020-06-30,improving_growth_easing_inflation,0.03958404410897646,0.0,0.0,0.03958404410897646,0.03943953953935432,0.0,0.0,0.03943953953935432,66,0.1,"QQQ,SHY,TLT"
2020-07-31,improving_growth_easing_inflation,0.019583650516720064,0.0,0.0,0.019583650516720064,0.02351922448847392,0.0,0.0,0.02351922448847392,67,0.1,"QQQ,SHY,TLT"
2020-08-31,improving_growth_rising_inflation,-0.016687687647967242,0.0,0.0,-0.016687687647967242,-0.01942902229823231,0.0,0.0,-0.01942902229823231,65,0.1,"QQQ,SHY,TLT"
2020-09-30,improving_growth_rising_inflation,-0.021587998050856795,0.0,0.0,-0.021587998050856795,-0.01406106623196195,0.0,0.0,-0.01406106623196195,66,0.1,"QQQ,TLT,SHY"
2020-10-31,improving_growth_rising_inflation,0.0430390418353519,0.0,0.0,0.0430390418353519,0.06494046704780766,0.0,0.0,0.06494046704780766,67,0.1,"QQQ,TLT,SHY"
2020-11-30,improving_growth_rising_inflation,0.012384098253871913,0.0,0.0,0.012384098253871913,0.03402999026188257,0.0,0.0,0.03402999026188257,68,0.1,"QQQ,SHY,TLT"
2020-12-31,improving_growth_easing_inflation,-0.011160861291388342,0.0,0.0,-0.011160861291388342,0.0022218273379217093,0.0,0.0,0.0022218273379217093,68,0.1,"QQQ,SHY,TLT"
2021-01-31,improving_growth_easing_inflation,-0.019747708267637016,0.0,0.0,-0.019747708267637016,0.009531041012503025,0.0,0.0,0.009531041012503025,69,0.1,"QQQ,SHY,TLT"
2021-02-28,improving_growth_rising_inflation,-0.011946921035421682,0.0,0.0,-0.011946921035421682,0.006242452263179155,0.0,0.0,0.006242452263179155,69,0.1,"QQQ,SHY,TLT"
2021-03-31,improving_growth_rising_inflation,0.028205630514918163,0.0,0.0,0.028205630514918163,0.03149512188828772,0.0,0.0,0.03149512188828772,70,0.1,"QQQ,SHY,TLT"
2021-04-30,improving_growth_rising_inflation,-0.0037961000068406823,0.0,0.0,-0.0037961000068406823,0.01351558115331149,0.0,0.0,0.01351558115331149,71,0.1,"QQQ,SHY,TLT"
2021-05-31,improving_growth_rising_inflation,0.03503283061269961,0.0,0.0,0.03503283061269961,0.014182939689952774,0.0,0.0,0.014182939689952774,72,0.1,"QQQ,SHY,TLT"
2021-06-30,improving_growth_rising_inflation,0.022478378914265663,0.0,0.0,0.022478378914265663,0.00824313368561616,0.0,0.0,0.00824313368561616,73,0.1,"QQQ,SHY,TLT"
2021-07-31,improving_growth_rising_inflation,0.012820140097777913,0.0,0.0,0.012820140097777913,0.010473818208840033,0.0,0.0,0.010473818208840033,74,0.1,"QQQ,SHY,TLT"
2021-08-31,improving_growth_rising_inflation,-0.028970089541096623,0.0,0.0,-0.028970089541096623,-0.022473004244992822,0.0,0.0,-0.022473004244992822,75,0.1,"QQQ,SHY,TLT"
2021-09-30,improving_growth_rising_inflation,0.033311700437328964,0.0,0.0,0.033311700437328964,0.03270238724923204,0.0,0.0,0.03270238724923204,76,0.1,"QQQ,SHY,TLT"
2021-10-31,improving_growth_rising_inflation,0.015704072804525716,0.0,0.0,0.015704072804525716,-0.01477340614094863,0.0,0.0,-0.01477340614094863,77,0.1,"QQQ,SHY,TLT"
2021-11-30,improving_growth_rising_inflation,-0.0035791143951735918,0.0,0.0,-0.0035791143951735918,0.025501938801587687,0.0,0.0,0.025501938801587687,78,0.1,"QQQ,SHY,TLT"
2021-12-31,improving_growth_rising_inflation,-0.0445020711335992,0.0,0.0,-0.0445020711335992,-0.02933312259651162,0.0,0.0,-0.02933312259651162,79,0.1,"QQQ,SHY,TLT"
2022-01-31,improving_growth_rising_inflation,-0.0218037446775754,0.0,0.0,-0.0218037446775754,-0.006139663253576833,0.0,0.0,-0.006139663253576833,80,0.1,"QQQ,SHY,TLT"
2022-02-28,improving_growth_rising_inflation,-0.007260877653293455,0.0,0.0,-0.007260877653293455,0.011791048375631875,0.0,0.0,0.011791048375631875,81,0.1,"QQQ,SHY,TLT"
2022-03-31,improving_growth_rising_inflation,-0.07838843872819445,0.0,0.0,-0.07838843872819445,-0.04581959608888324,0.0,0.0,-0.04581959608888324,82,0.1,"QQQ,SHY,TLT"
2022-04-30,improving_growth_rising_inflation,-0.010812378404496854,0.0,0.0,-0.010812378404496854,-0.0035292809344589313,0.0,0.0,-0.0035292809344589313,83,0.1,"QQQ,SHY,TLT"
2022-05-31,improving_growth_rising_inflation,-0.03592251921049738,0.0,0.0,-0.03592251921049738,-0.04661276641165408,0.0,0.0,-0.04661276641165408,84,0.1,"QQQ,SHY,TLT"
2022-06-30,improving_growth_rising_inflation,0.05130867042081633,0.0,0.0,0.05130867042081633,0.04013694474114708,0.0,0.0,0.04013694474114708,85,0.1,"QQQ,SHY,TLT"
2022-07-31,improving_growth_rising_inflation,-0.034984319856519876,0.0,0.0,-0.034984319856519876,-0.029521865781898086,0.0,0.0,-0.029521865781898086,86,0.1,"QQQ,SHY,TLT"
2022-08-31,improving_growth_rising_inflation,-0.066543286804603,0.0,0.0,-0.066543286804603,-0.06965714470524864,0.0,0.0,-0.06965714470524864,87,0.1,"QQQ,SHY,TLT"
2022-09-30,improving_growth_easing_inflation,-0.006967762641591269,0.0,0.0,-0.006967762641591269,0.021702564276242668,0.0,0.0,0.021702564276242668,70,0.1,"QQQ,SHY,TLT"
2022-10-31,improving_growth_easing_inflation,0.04462989100422502,0.0,0.0,0.04462989100422502,0.05408642307523469,0.0,0.0,0.05408642307523469,71,0.1,"QQQ,SHY,TLT"
2022-11-30,improving_growth_easing_inflation,-0.03838684380329538,0.0,0.0,-0.03838684380329538,-0.030406148291102393,0.0,0.0,-0.030406148291102393,72,0.1,"QQQ,SHY,TLT"
2022-12-31,improving_growth_easing_inflation,0.06354253036888671,0.0,0.0,0.06354253036888671,0.060716583368562435,0.0,0.0,0.060716583368562435,73,0.1,"QQQ,SHY,TLT"
2023-01-31,improving_growth_easing_inflation,-0.020054100466052677,0.0,0.0,-0.020054100466052677,-0.03046195160621954,0.0,0.0,-0.03046195160621954,74,0.1,"QQQ,SHY,TLT"
2023-02-28,improving_growth_easing_inflation,0.053266709139728675,0.0,0.0,0.053266709139728675,0.023903587561292395,0.0,0.0,0.023903587561292395,75,0.1,"QQQ,SHY,TLT"
2023-03-31,improving_growth_easing_inflation,0.003633994776717886,0.0,0.0,0.003633994776717886,0.0031330867847839017,0.0,0.0,0.0031330867847839017,76,0.1,"QQQ,SHY,TLT"
2023-04-30,improving_growth_easing_inflation,0.014972105381126328,0.0,0.0,0.014972105381126328,-0.010270173500473406,0.0,0.0,-0.010270173500473406,77,0.1,"QQQ,SHY,TLT"
2023-05-31,improving_growth_easing_inflation,0.020088013514062676,0.0,0.0,0.020088013514062676,0.028116101031339116,0.0,0.0,0.028116101031339116,78,0.1,"QQQ,SHY,TLT"
2023-06-30,improving_growth_easing_inflation,0.005399928938201551,0.0,0.0,0.005399928938201551,0.02631434186033708,0.0,0.0,0.02631434186033708,79,0.1,"QQQ,SHY,TLT"
2023-07-31,improving_growth_easing_inflation,-0.014049090056514224,0.0,0.0,-0.014049090056514224,-0.020718079766885215,0.0,0.0,-0.020718079766885215,80,0.1,"QQQ,SHY,TLT"
2023-08-31,improving_growth_easing_inflation,-0.043699912188456216,0.0,0.0,-0.043699912188456216,-0.0343511475778281,0.0,0.0,-0.0343511475778281,81,0.1,"QQQ,SHY,TLT"
2023-09-30,improving_growth_easing_inflation,-0.023985235586489757,0.0,0.0,-0.023985235586489757,-0.017872376879098595,0.0,0.0,-0.017872376879098595,82,0.1,"QQQ,SHY,TLT"
2023-10-31,weakening_growth_rising_inflation,0.07264893527114286,0.0,0.0,0.07264893527114286,0.058665525207427,0.0,0.0,0.058665525207427,4,0.1,"QQQ,SHY,TLT"
2023-11-30,improving_growth_easing_inflation,0.05125371144769615,0.0,0.0,0.05125371144769615,0.04215600829991976,0.0,0.0,0.04215600829991976,83,0.1,"QQQ,SHY,TLT"
2023-12-31,improving_growth_easing_inflation,-0.00036322601802688936,0.0,0.0,-0.00036322601802688936,-0.008130455538292336,0.0,0.0,-0.008130455538292336,84,0.1,"QQQ,SHY,TLT"
2024-01-31,improving_growth_easing_inflation,0.008811884482605574,0.0,0.0,0.008811884482605574,0.01700468071482559,0.0,0.0,0.01700468071482559,85,0.1,"QQQ,SHY,TLT"
2024-02-29,improving_growth_easing_inflation,0.008004688821615868,0.0,0.0,0.008004688821615868,0.026724034512954298,0.0,0.0,0.026724034512954298,86,0.1,"QQQ,SHY,TLT"
2024-03-31,improving_growth_rising_inflation,-0.020851867384910256,0.6666666666666666,0.0003333333333333333,-0.02118520071824359,-0.02494646247957716,0.0,0.0,-0.02494646247957716,88,0.1,"QQQ,SPY,UUP"
2024-04-30,improving_growth_rising_inflation,0.03380015275174412,0.0,0.0,0.03380015275174412,0.02789629482685935,0.0,0.0,0.02789629482685935,89,0.1,"QQQ,SPY,UUP"
2024-05-31,improving_growth_rising_inflation,0.03867538851622387,0.0,0.0,0.03867538851622387,0.013680797906349119,0.0,0.0,0.013680797906349119,90,0.1,"QQQ,SPY,UUP"
2024-06-30,improving_growth_rising_inflation,-0.005791202841248233,0.0,0.0,-0.005791202841248233,0.025208612600120757,0.0,0.0,0.025208612600120757,91,0.1,"QQQ,SPY,UUP"
2024-07-31,improving_growth_easing_inflation,0.005788836066042672,0.0,0.0,0.005788836066042672,0.011555547335954956,0.0,0.0,0.011555547335954956,87,0.1,"QQQ,SPY,UUP"
2024-08-31,improving_growth_easing_inflation,0.014679056804418758,0.0,0.0,0.014679056804418758,0.020730181667345967,0.0,0.0,0.020730181667345967,88,0.1,"QQQ,SPY,UUP"
2024-09-30,improving_growth_easing_inflation,0.006208642680410918,0.0,0.0,0.006208642680410918,-0.012490466623524429,0.0,0.0,-0.012490466623524429,89,0.1,"QQQ,SPY,UUP"
2024-10-31,improving_growth_easing_inflation,0.045134010367285475,0.0,0.0,0.045134010367285475,0.020055373804039406,0.0,0.0,0.020055373804039406,90,0.1,"QQQ,SPY,UUP"
2024-11-30,improving_growth_easing_inflation,0.003517916143321272,0.0,0.0,0.003517916143321272,-0.02367719770540169,0.0,0.0,-0.02367719770540169,91,0.1,"QQQ,SPY,UUP"
2024-12-31,improving_growth_rising_inflation,0.017183228128037,0.0,0.0,0.017183228128037,0.0227405496752225,0.0,0.0,0.0227405496752225,92,0.1,"QQQ,SPY,UUP"
2025-01-31,improving_growth_rising_inflation,-0.014598704692428929,0.0,0.0,-0.014598704692428929,0.007822377958608026,0.0,0.0,0.007822377958608026,93,0.1,"QQQ,SPY,UUP"
2025-02-28,improving_growth_rising_inflation,-0.053500776155381805,0.0,0.0,-0.053500776155381805,-0.010730801396860213,0.0,0.0,-0.010730801396860213,94,0.1,"QQQ,SPY,UUP"
2025-03-31,improving_growth_rising_inflation,-0.011431873902429094,0.0,0.0,-0.011431873902429094,-0.0058367168376042,0.0,0.0,-0.0058367168376042,95,0.1,"QQQ,SPY,UUP"
2025-04-30,weakening_growth_easing_inflation,0.05202911999023836,0.0,0.0,0.05202911999023836,0.02293991220014165,0.0,0.0,0.02293991220014165,10,0.1,"QQQ,SPY,UUP"
2025-05-31,improving_growth_easing_inflation,0.03149316608163732,0.0,0.0,0.03149316608163732,0.028969523747674215,0.0,0.0,0.028969523747674215,92,0.1,"QQQ,SPY,UUP"
2025-06-30,improving_growth_easing_inflation,0.028404906627917947,0.0,0.0,0.028404906627917947,0.007788585543645311,0.0,0.0,0.007788585543645311,93,0.1,"QQQ,SPY,UUP"
2025-07-31,improving_growth_rising_inflation,0.0036876493719637526,0.0,0.0,0.0036876493719637526,0.021204375316174057,0.0,0.0,0.021204375316174057,96,0.1,"QQQ,SPY,UUP"
2025-08-31,improving_growth_rising_inflation,0.031499211561977436,0.0,0.0,0.031499211561977436,0.03298454993375061,0.0,0.0,0.03298454993375061,97,0.1,"QQQ,SPY,UUP"
2025-09-30,improving_growth_rising_inflation,0.03236213142677361,0.0,0.0,0.03236213142677361,0.01776578888376886,0.0,0.0,0.01776578888376886,98,0.1,"QQQ,SPY,UUP"
2025-10-31,improving_growth_rising_inflation,-0.004553420905565986,0.0,0.0,-0.004553420905565986,0.0074183191190240645,0.0,0.0,0.0074183191190240645,99,0.1,"QQQ,SPY,UUP"
2025-11-30,improving_growth_easing_inflation,-0.005002333099986062,0.0,0.0,-0.005002333099986062,-0.00025029039149122444,0.0,0.0,-0.00025029039149122444,94,0.1,"QQQ,SPY,UUP"
2025-12-31,improving_growth_easing_inflation,0.00679497965235402,0.0,0.0,0.00679497965235402,0.03710904179229173,0.0,0.0,0.03710904179229173,95,0.1,"QQQ,SPY,UUP"
2026-01-31,improving_growth_easing_inflation,-0.00784042877724648,0.0,0.0,-0.00784042877724648,0.02775296273178863,0.0,0.0,0.02775296273178863,96,0.1,"QQQ,SPY,UUP"
2026-02-28,improving_growth_easing_inflation,-0.02397089912441319,0.0,0.0,-0.02397089912441319,-0.031897135912518,0.0,0.0,-0.031897135912518,97,0.1,"QQQ,SPY,UUP"
2026-03-31,improving_growth_easing_inflation,0.08227821770690551,0.0,0.0,0.08227821770690551,0.057065267794237186,0.0,0.0,0.057065267794237186,98,0.1,"QQQ,SPY,UUP"
